LogP	MW	Polarity
15.593723467383032	85.49511285287882	3.5054032661994947
6.179678069773948	54.56185349271858	0.325312116413522
20.864675602444155	21.799255962466823	9.254491247215558
13.162617281355232	39.582379122822665	4.5611156036225164
8.874363969611059	37.061797145952625	2.5415227967053844
12.464100814806804	55.02699229367256	3.472338310283598
18.79271503735414	8.185271627582736	8.922775638178761
16.547112610584552	72.12917457194249	4.5857796609796
11.718698623419824	93.78424896164395	1.0821822616291332
23.778501019020915	59.783846033884245	8.843043480143539
13.360836562303245	34.13167166919041	4.9270374163994015
13.087484497058528	17.068689352108557	5.679816217752245
6.866098254632223	61.196422517838535	0.37312012216156765
17.4194967335701	19.192539717854572	7.725565393476851
21.8992514819389	33.41917370817495	9.242434799385581
26.327999707511747	67.32887457309215	9.698334543542801
21.446831607096815	31.530367189342524	9.08210771646187
25.836595842918424	89.96047115362741	8.414988284283432
6.712119411227333	2.9600276436777984	3.1295789834564527
26.04216898582339	72.93739741984434	9.37291875838342
13.186520270389511	41.76275120334718	4.489599951776201
17.795067654259046	59.77910400403079	5.859478020202697
5.928353158173341	53.60548387277171	0.2423283369322582
12.958838734358388	37.69488083909485	4.563724120018225
18.343433989528418	51.10471985081241	6.554558596170379
11.092070928735069	71.80419626987538	1.9033709396089704
21.535353491620523	60.32240419337671	7.732042131739558
19.51146404741001	46.99723807176323	7.388741365395026
21.001090437126713	29.210365691400597	8.968643454522049
8.539285195184773	10.489467310226974	3.7227008861149025
19.59352810447793	55.69832611970374	6.971685574929166
11.025546422341256	49.88159011123875	2.942157055296053
9.050267123730414	53.74649118506575	1.8134705237548976
10.348706310275706	17.605003500955597	4.220557779075101
19.940818935892622	18.83015263944592	8.964938466868636
10.249752532746097	43.86542058532867	2.909424079848335
12.080530102610425	58.97838260959731	3.005685617421996
13.527699523297755	97.05955403952073	1.838454086947966
8.293134803292572	23.80384656989609	2.9217415830184312
11.795715969383412	88.05629402062392	1.480669081106123
24.18529931045645	85.1636581831965	7.742983143147869
19.925371882590554	56.955554410175345	7.06431677625496
14.158860574090223	71.98517398872146	3.388400693797987
23.118135301315572	77.43350919024901	7.633056424127194
24.123498684458763	65.54611815429104	8.763037626820996
13.967161742084361	96.86020259060174	2.071163533144975
13.2943767526457	0.20456426331524336	6.554606412453933
1.2048448434072339	7.280323212166506	0.2184736511981944
28.61944253863271	91.908167743566	9.708421463323125
4.175978742319031	18.10804744263732	1.1754192413166642
15.884634255473449	14.908676449357905	7.186290304807405
13.35079284500031	3.593327328053275	6.430259169204392
12.826453252173975	76.16824103288386	2.5480353781619334
26.252815198852957	92.34342433722826	8.48125848269788
5.400281208968067	0.019602665651663465	2.6963019450334214
14.395254811235946	83.55748424518296	2.9671626996824996
6.815053838153657	63.99072160168294	0.17171822958482297
25.567002740305146	60.8255402741994	9.694590930052367
17.605290547723065	91.6071470505794	4.164734145929838
9.96490047631235	47.81667024701014	2.5074952112566837
27.482866693562556	80.83169151508739	9.626660096780897
14.966960103142778	38.6780934617225	5.466644348819435
7.641563866889146	43.64816314297555	1.5760549625558573
10.997453363126098	96.14151826564343	0.6485565411374694
18.807465259431467	22.65368531438704	8.259927561886562
15.242484493432627	67.28444297406776	4.159924349713972
21.604078119080175	20.140493903608448	9.695209865831462
21.872545452591606	72.11112759304076	7.241757422436638
18.13597295237375	30.292313551798955	7.467490420851259
22.65258029971362	76.18121871848972	7.440431667983621
9.235535804904986	53.34297860060325	1.9259441727669857
13.784988489434312	17.98606693087198	5.971117964100654
15.643700009471347	84.70841536646215	3.518218666155674
17.539087539322242	68.612649517941	5.311097645521024
3.8317401500500474	31.265367788431263	0.26239663155855353
13.32336437746646	8.423921109652511	6.188970424420418
27.220365292157457	98.48863805459524	8.598056319416425
19.380554548417884	15.964843388815918	8.817762411461512
15.125723600734476	25.40092718917666	6.22488582709789
17.55500277120736	50.68973014726279	6.150129134626974
13.670381288709706	44.348199130526964	4.519488863582045
23.606260508154328	96.26879694078637	6.892326436594662
14.041512816001072	45.40313969292258	4.724453146004346
15.500487008542535	81.769616901719	3.5876491635079577
3.337610509733152	0.18148978094707502	1.6128023464207408
11.92771344545933	50.397923079878915	3.416894458754686
20.359527145226423	51.84742367525703	7.508059669214519
14.613020064388275	63.40841029399581	4.039333995603157
4.326536894597548	37.76219251617222	0.20769108234725886
22.232826794418724	82.00993029757213	7.015132380209467
17.199405174874546	37.586038019939615	6.635412327975827
14.137518509374464	9.385207873003655	6.508658280823509
15.331339393845418	38.57998459382448	5.712588609955373
15.582635003991653	76.60497980963206	3.9492347805925165
18.923411426679905	82.3199931225976	5.262577210597037
9.348546285422419	56.180592529236584	1.8439997672323416
3.4716898041503517	13.783348071944202	0.9601280723014349
2.9192625864331263	5.93592410469782	1.1533745826957431
9.640645969960941	45.304652718803226	2.4616488925314672
9.986868933813772	30.049333173603966	3.449951242273052
26.14756715620906	91.6568043264409	8.396869392251592
18.05239319955491	53.18574317987381	6.349351047762376
8.310729408157046	65.71271791468844	0.8143005948364279
16.57513302856153	13.091202686388959	7.616706504682881
6.711959502554061	5.898081393366406	2.979522782668843
11.883176415005108	96.97350575426236	1.025763348630514
25.078887799860897	60.73371346871508	9.453295025953443
2.8322757809725045	1.0353814583851428	1.2835180730768003
13.971164286630614	91.32962562488959	2.3825281567643
22.71964570579508	90.88795755546913	6.72037439269658
9.434824221292686	44.957145728303885	2.4504217001439588
12.19460824438789	85.9546580142982	1.7394548683735633
24.72191868266411	55.87598863631277	9.534528085206977
11.34425962128579	19.99444054249092	4.606443998500155
15.88066011647143	30.60778200769072	6.343363359508617
12.690185982667355	21.64782782847641	5.255533699189313
23.557513746995465	64.42871884776726	8.531080336715434
25.523404604525634	86.64202554692994	8.38763814767664
11.633941417613674	48.147851733850175	3.3868668146002054
1.7576467955628767	1.432717962035368	0.7527403357525209
5.988313381925642	35.19670443806271	1.217170958432171
16.968175771427827	31.484451047615448	6.869908044418159
28.34538517298235	95.43561078321888	9.359812985745766
18.496535687009377	75.89034724714651	5.450504961391869
21.414637873529152	39.92622823476426	8.657517114717079
4.108973800364356	2.4298728659715274	1.932566243540339
22.31172846192819	63.01001330155018	7.948579559182921
17.680858585344634	10.625598690789195	8.297771498825902
23.956365208790192	69.35897448903691	8.470707998957561
3.808216660027392	20.65334585685752	0.8492942525067526
26.000496797689067	76.15809862971776	9.117811314829726
19.20700722733596	4.197133655521568	9.372738180024857
15.228127827335161	99.16637769396591	2.576046252403602
6.815750781876046	63.23830469982872	0.2025253822433215
7.9343127231824475	51.4094087885122	1.3002106007767344
21.379733587629932	83.61421339939778	6.440514561567455
0.9746628529941432	2.6277259138780984	0.26220647786341256
11.098860355400067	61.35960794690448	2.400158688061719
5.1547610152070265	6.645656280924173	2.1581506599185705
7.834961667949244	17.582615862881767	2.9668499925189815
14.128623849002508	86.4996022503708	2.673521697985434
12.135067754848139	42.673765087509416	3.8376654171147964
22.052123608272137	21.32673627752064	9.871500996068674
17.178612674212715	35.15014597027714	6.789328641688014
13.191161777045473	91.16040308951379	1.9941744538684425
7.972196360907128	50.48056674030404	1.371545457560156
18.04592817085844	85.23043765257147	4.6879170619692
12.861645495367757	47.084580106435546	4.046360081139674
14.66463979311935	99.28954757376334	2.297628901377479
11.901080261753545	30.954473938522554	4.304631348032965
7.070148732090012	15.147061729948962	2.7493916467744506
14.023143727401646	54.90449019472188	4.256267024852859
19.099051798164197	80.85881190494065	5.490736312920978
12.05901042740124	68.08054404808928	2.5349887721766438
16.531570659004295	84.54546412342505	3.9462826190911593
9.431899528504847	84.27857776488995	0.4184306513378999
11.304445180167729	3.1124129011566803	5.407606658986591
19.015593192456606	33.59845197489487	7.764903369844554
8.39251494822776	69.42098987218817	0.7049996494998456
10.449468704090252	5.285600294989479	4.930966012057186
8.180752253164252	54.61721245147941	1.293885162601941
25.352478445926895	91.24136606404808	8.015329760765463
12.100507384068113	51.896040880948114	3.4477917101921984
24.74000042486056	83.01068393600713	8.158376107578759
24.764846397150784	83.7192266534174	8.156213571418458
8.89094733373152	45.51301755399896	2.140365386328076
23.62814820353624	36.687482844025844	9.900941204502121
16.22641658828524	29.349538273657416	6.625069921452491
15.551849051354479	79.14695844201086	3.8150862600705904
3.3339053886258423	28.77770427759858	0.12818169586158334
21.020686045356936	12.659857812363972	9.81765876776927
12.604930996936094	16.112787829099073	5.4613154167284215
1.8604205510133704	13.816913350964743	0.14918187369682756
15.484439415341875	81.64409694098659	3.5882518728650235
21.877823061155457	67.7984615581643	7.515295080660281
12.512509292004598	53.9273119814047	3.476856070091464
22.31178014437588	44.305911312591476	8.877701310273114
6.059767097689814	57.50926285694485	0.077090222888474
13.129900044973928	41.91819011636107	4.4053770509023025
11.898476550815726	22.154629392701118	4.812612813962929
11.142347001036445	66.54558823150897	2.1518229967221805
25.24978095717981	73.40428226760187	8.920402251017558
15.202077993976058	5.910881453960604	7.222236705091611
10.807480286324074	31.513803011047315	3.8092155039418163
18.85931792547986	91.4210419693821	4.809116251089918
9.462316383774779	77.30752356639601	0.7868781926122093
20.20796133930238	63.95957633807722	6.832745601089377
22.72737001444719	43.74361698163367	9.09965761127487
18.613137582311015	25.72617953882983	7.998419013472469
24.130123184769353	53.05345479102076	9.358516151699412
11.546012395960394	9.641949339298439	5.225844711180691
15.494662821746417	70.22523601599478	4.2218131585614955
12.852216815455332	14.953693407604007	5.64816458073321
4.683558191116884	24.24967744381118	1.099543291133468
7.7564490711321605	27.482241666784233	2.46259139989377
4.463198247275898	32.177852910274254	0.5940042885471375
9.456480130102648	80.14460068973563	0.6999635972136142
19.86071566570724	69.4334690905866	6.433046085384739
22.558634488311462	38.37548078661015	9.323529454854578
10.161139044739494	29.350572078729044	3.5955997626914673
16.73175234902766	2.0582405199091935	8.247332924784859
16.96259588823078	3.726188541506581	8.228787459085279
3.6141963449645753	24.204959888590682	0.5113028786937313
25.71784961796039	74.08913213250706	9.096521079020366
4.899496441077692	10.577451449397035	1.8372002153619749
19.230196944056477	0.8774287194984742	9.480074801201145
21.46355311548643	66.674951633803	7.347007658707603
5.3762381832135695	22.197472060645353	1.4881964279224658
12.236100997167084	62.970041490267434	2.9188871664116354
22.83839948576591	67.33780485689257	7.96383067485598
24.479441613216817	76.2999258138985	8.387384663435256
15.891348366200829	20.674031352557087	6.84149765254639
23.08092416050403	87.9821737576903	7.065532698331204
18.769996091686533	30.46551509652151	7.802592985667147
17.396357827895947	55.035133920616175	5.9140312443985685
12.84863947621768	49.37547382765776	3.9026124343860347
11.162849432505817	49.352417149318406	3.0758283567547737
17.26381057574567	46.38743312134911	6.212714819225073
26.26994576660899	68.01090402824207	9.649408397825653
26.924861410078325	98.08816068218972	8.521614408380167
15.76854255216535	34.82277893357425	6.065207102665163
8.587002301335326	63.6336932042041	1.0969634707150466
13.662763495353726	24.457101076700972	5.583640397794304
22.649485372633162	67.47062981394043	7.887038940606064
14.007759667595764	41.849532513647205	4.819887660675063
20.042391584651728	6.456079271966464	9.616499591258444
7.732807983328281	55.4077995870876	1.0553389927796408
18.939624367881127	20.663950099479578	8.378620970095811
12.830706960136633	50.64167304514152	3.810732223666192
19.847302419827994	90.23645484740577	5.366772727978444
22.01087351466156	99.87111324359128	5.942748334931941
27.003922577505147	79.54198146479715	9.522550317249776
20.093301954849235	14.909666129392518	9.21041661939184
15.255212819546411	26.373157183800778	6.282099540310904
4.9044063811994265	47.656751686996444	0.013574504387412478
17.331440641380905	83.61141352635818	4.447812236236838
9.904752104200103	7.496786068056782	4.538180870644907
3.5014852752110386	24.090437405960287	0.48905178094803103
10.65811183802732	96.14477491509857	0.5193187222145401
10.343346309553901	48.59693730596714	2.7046557642740843
6.033252190288139	10.65142355676677	2.4100303144005863
25.82803103131725	94.76320599408142	8.086534625531213
12.21938656180946	10.62729933765214	5.504121029354093
10.919041521163145	20.912873213560236	4.346084123534313
13.63568024374691	95.69041327363657	1.9820055777180212
5.053468905854427	45.42029923549528	0.16515266687507468
22.1463401041005	23.917786479255064	9.870012617049632
29.346623916246333	97.3860570523253	9.737910404993722
22.47505692478035	69.17115723179721	7.737339906587721
20.991433993726016	39.05441520142959	8.537689195591273
19.909379172969626	60.74136264938994	6.848348627171971
12.197910680880796	78.45079300617847	2.1544812799682744
22.696345071004163	81.88058793780553	7.156314951653304
13.909547282846733	32.33688873382909	5.260079502429341
8.770731871446998	82.13444328569123	0.19552604274595264
7.995102446706212	67.98927561449862	0.5758352508396369
20.891918300211188	28.51553518629748	9.00242498689223
12.601198705970084	43.60860010705746	4.047861040431018
20.255859008192147	55.80605420786884	7.311910166823803
26.233442671156038	85.35305274351333	8.833909319224853
15.662927417169053	55.20081785866686	5.031037142971686
14.378393809763468	26.651513929651994	5.806843464088081
16.93719521788832	86.58693293792507	4.074443962904448
6.28738700648907	37.6740233973471	1.1938615548333364
18.61236330798201	89.27914706864057	4.818303211853242
27.57497269531325	91.5780286630889	9.18077319473593
3.449752256658983	27.16306826651248	0.3643970783350414
20.312227607943367	13.593987537621432	9.423264405527002
22.424228505465557	45.1954657188415	8.87073588647155
14.761093842848034	30.674209135262444	5.797803277098739
8.499032742732597	19.75076659633286	3.230196729351027
19.999639491743114	53.02062267294346	7.285588778392933
10.815567644311173	83.68235389411016	1.159361282782292
24.972491687374173	85.40485568915386	8.175751603874
14.658824004093333	69.59617518767877	3.7985584718840193
10.34638980716644	78.67791135317071	1.2027375133638551
8.436756542845767	79.7962469345043	0.1290298258997824
24.28922684993185	50.735277025666534	9.548161304369815
9.616185903285231	55.4270424046691	1.9588129200921334
11.91444010382977	95.79084377595517	1.0678366219985946
9.123569040024442	90.58469870484349	0.013535739531135293
15.94138324562569	25.444161203875627	6.636110673561861
21.018911236338344	78.73908796620994	6.501404393719676
22.38419804347565	56.06886939679908	8.339329716409393
14.85010112588596	80.20914979704753	3.379598271162063
22.710513419134276	38.22917372209071	9.388830480744103
23.49123837960562	57.41673876812199	8.794437419070514
2.336756116630588	20.39067148938294	0.06372855005112976
16.528731780464078	20.144354761872385	7.185055851848413
15.05965316328925	7.258074941221304	7.099639389968852
22.28203978062964	64.6382905342498	7.855383567622639
12.43799264332638	35.90979335816633	4.368225567602727
16.20417135898334	90.6084842260773	3.4934432393050607
24.066275013542178	47.34966276744468	9.575011169175566
25.343658246992767	77.75970789161977	8.693605171906178
20.234852516422933	5.5305059232197635	9.830925621554673
25.51305618487156	98.43430125978246	7.753527544001607
9.631110933580471	27.50948972539915	3.3519925252297975
13.966048433059994	35.21333261119987	5.1474742990634645
23.05726864301466	79.46871610822697	7.519736425518181
13.779225080468596	43.867910752462734	4.670963842641482
16.24298725659615	50.91847534026955	5.542121973608074
17.24275025803282	74.50320224453247	4.845620506798611
6.473606649050038	15.164147384687254	2.38858545419232
4.52332227573608	15.345625633544802	1.4521189053606043
23.21434802106153	73.77090017813875	7.859949503012991
17.797267393984892	44.967806158377186	6.558312110730649
28.661709242650172	98.13670770190201	9.344424739856356
21.86675405594596	30.041444208512058	9.391746597428645
10.862210500848018	56.448459447075074	2.533490718688589
10.291107737457459	63.1368588763469	1.8972568174362758
18.410404393325372	38.75787128132898	7.205535503998101
16.143094346870107	61.96795819532761	4.87884344940936
28.527278118623347	94.1392683686406	9.522133474941105
8.855152084625276	0.36292045705734743	4.356325740951348
13.788274557805005	47.58157701552952	4.421509386860753
9.328189347978373	19.66970113010319	3.585173815447653
23.200937165939262	48.449934574642405	9.14048032099085
8.039977737052165	73.06949942311685	0.3038735005011539
18.044578014288295	16.86051448913155	8.084075520982067
4.220305747767231	16.674817210940528	1.2444991687485785
13.12346079921032	96.6684576627469	1.643416430419875
14.1794762851319	12.53506674747027	6.432808661677912
10.141581896181108	89.98838632566093	0.5384345183149319
11.453933729393153	41.557559443100445	3.565606126329995
26.263471756302696	66.11605732388725	9.762433855250235
12.50201944874282	27.654191873012312	4.788918460570594
18.18758868336477	41.64213290757185	6.949535394693921
19.995833188734487	25.832226553794	8.667652178950458
22.925964935742982	58.654741847602565	8.43245374554083
6.093176838457815	55.34140172631559	0.22373672045911563
19.10679690745032	28.18292768142472	8.098713136030309
21.05935887950916	55.00120946492013	7.685353421218877
25.98700981824341	85.29005161669086	8.663083167677877
10.603324865451379	85.02888103485753	0.9661540144270164
22.018060982306434	82.76019261007163	6.807964460366994
14.217159844199628	21.169258681842418	5.997044511062169
21.33143422983221	70.92686784410553	7.111125951823302
4.551089259758138	24.462909609419945	1.0079816524095986
11.667532362866098	77.9986506132975	1.8970016051780492
9.72254917471717	12.186259636081441	4.203035039543365
13.85627919436049	73.35498803546696	3.1934927650406353
17.066690600515393	52.083997036189004	5.834898680201714
12.73346648519783	90.21534568748581	1.8031807005709988
14.753913118485297	65.92605083798678	4.0358831421516195
20.323431718181897	48.8682695949363	7.625941047810173
27.960823626645876	94.25003944646608	9.259323831849155
21.417053219079488	61.81401855467531	7.532984119030861
7.863872200407334	8.392542576646989	3.444124927374641
10.938899710532313	41.34540715287687	3.3938590181699824
11.932340999699573	54.25575950594575	3.1744715311216787
13.098975151225362	96.0462320146113	1.742945403596955
17.95429131857882	10.839796105580923	8.409344940540901
13.926684110376662	19.01456669921148	5.991858843288385
23.984870662758006	54.593278562455225	9.19385308218876
6.696059227666512	59.570982293705455	0.33683152417887996
5.03881654528333	19.03859538816287	1.5387156324417905
13.783979489932518	61.14493929488264	3.799948062310322
22.889552544908426	90.67021707528919	6.907187403188129
11.89434827954056	5.252132331087445	5.611688310355599
17.37400857288129	16.61307522674762	7.76098942587706
16.96082509766027	57.0050978579701	5.5504625816015265
14.029390160747088	79.62853758595854	2.9964063945733033
0.8567658833289024	1.5100803118744621	0.27403832857482824
9.085750439816021	80.16569190250975	0.45466310175559466
16.28629252089254	64.79427210319821	4.859920059957439
12.692207828064998	14.575686704081136	5.526437408332711
12.659425410742855	50.92666758242414	3.7207974077116712
12.145744803929796	60.84135009902884	2.9928591133149363
10.798808562019294	48.98141023621779	2.908791169771474
23.863660129247805	59.076331639355736	8.929504930871726
12.158659887774396	13.980501505123355	5.287197234585791
18.471801294467614	39.2401552838621	7.223700416835212
13.618203094414625	66.21644943738072	3.4567160724312673
13.487241133895477	4.496052428332254	6.499215470462259
10.012989645563247	54.459773203134354	2.272588216641899
26.2730002820437	75.39783189221644	9.319917304570483
13.593780169093547	29.69142605626636	5.217430829069476
17.05659377841906	37.16588581442587	6.615219114521271
4.8076283891231135	32.30606111067375	0.712247137678671
11.811317955566269	5.8288033042398935	5.608819004110922
20.563006328669626	72.10518867575489	6.580007240573471
23.423846796090437	69.37636262724507	8.190905757556928
19.844359684442953	7.267219757238442	9.459496952901814
14.306669836880026	30.047353506144216	5.644528480516266
12.927060803000876	82.17015299872153	2.289477692237809
16.788375709989026	1.0678534534845463	8.26475762677963
11.591750559361703	38.72281337794801	3.7882517794178874
5.688893054697695	32.3525262741763	1.2007451690586812
15.25429597176012	61.86853478267535	4.511017307470249
26.462122111516948	96.82571617869881	8.332135983160974
11.426918738812839	92.18877543005279	1.0483963998288282
9.962633447599071	78.3336500239162	1.0466920764113652
15.506816852690125	7.597527096555834	7.331017030359179
6.550252253468061	37.24826622176185	1.3312606498875912
5.711893428381251	39.049288926388634	0.8280649442794386
8.816439863212311	70.06466039492956	0.8411842034936823
20.891244456136402	38.897287012467594	8.426241159918808
5.002992517943637	29.2808730654317	1.0200923221978575
10.746384190162813	20.06158260744919	4.33927244343784
16.262742730700815	36.943883950407795	6.243622079582809
9.8961691315888	10.199165517192288	4.432143286498148
1.6569144940679896	15.854440463895148	0.0030586324486336913
13.649901514147665	68.10643443550326	3.3974042490197585
24.17059029662561	45.97294340999938	9.700435105381509
19.83614577888577	8.737066760922785	9.439777239059842
9.314017994657256	72.53700920568194	0.9649633031371085
12.335942229953424	8.232756607323722	5.743054694145196
22.932324490057578	68.60183785150899	8.03153987271538
23.300639813923144	92.10059423428648	7.007163475595979
21.96203416111484	19.77823476168934	9.904932908439182
11.273717654210317	39.44067434508322	3.622129497520725
10.475048818825721	95.69092296152448	0.39923626010672786
0.8401332484406528	6.997492442838793	0.050398503724495836
15.32484040083695	25.12651669637598	6.375555569176
24.23754493105757	90.74958239640272	7.508432799272767
14.070032789763923	27.678162183103762	5.61386117738211
12.656778148130034	74.22564180399287	2.5418150118758986
9.745653824258708	72.32805067867318	1.1941973140364792
9.635005554804522	48.72853396575747	2.3151856032042186
10.903181270259699	20.791947252429345	4.3760796219496445
20.730290159885406	30.429080495545747	8.822116438472403
3.274905531403753	23.91326871277284	0.3606504476687855
18.504476606052286	14.549804403079424	8.430595514345626
15.923067672031644	81.25728543351937	3.860491643078082
20.307737985155256	2.3551557897367847	9.950307032105902
6.520509331226433	59.06106504876423	0.24484412333173888
11.077737182882089	97.38422874089707	0.5987488017643094
20.217571347952916	38.75834313940757	8.163042597077995
22.959035463592535	73.51973050771107	7.775740418514806
15.943283074132616	53.31077873197974	5.281246979093691
24.596136248166253	73.77301855749337	8.575947554371313
25.00438261841748	94.39224543975229	7.771506360532489
13.363466981870438	72.09754348236729	2.993729875495789
21.518948261006134	48.42442361311255	8.292263455691684
12.26451966475401	61.058010848673774	3.04832457485528
21.206497449412517	98.51542296672552	5.666356916382168
19.665076258018154	95.7303638477574	4.980344165028346
17.475216252085946	14.702371649623148	7.956399840351553
19.82792151245734	62.71283813086785	6.7189770916277265
21.58505596929818	33.787584053433285	9.045039221561595
7.88794365336103	34.951986443490256	2.1312544846210137
21.774262748269837	30.39906400651422	9.31480527793332
25.06485361652201	52.925058159514585	9.826373824256953
3.714217232872469	4.947065760838576	1.5749383285900331
9.122313022325562	47.8599482077468	2.1175747089128913
2.0938844131620153	13.528825562944903	0.32528385302078466
17.30580261127032	68.01684556494017	5.163309900261769
3.353697526627824	21.197988068388963	0.6130191327247636
10.021353484074263	87.7152119579957	0.5532900647583117
18.463679623068508	94.49470864550628	4.497989366992129
15.888916584263837	6.458224816199031	7.593373030070499
8.336316850345158	13.737538720234344	3.4776786966134656
25.946368493377168	85.35275184779829	8.627043355145926
6.067603718910891	44.51216007195491	0.8051404269889206
24.161428293491078	82.05161724661394	7.895746354345682
14.030508059702072	90.30753675318162	2.457501010328179
13.591136189455291	8.193651251783841	6.315854891386791
17.249250099699772	18.352133322146813	7.6864486334664015
15.729212519486458	68.69735389357959	4.42663001284637
13.316613177611927	10.198153147834832	6.109400953325958
14.033134060078286	63.18138267902565	3.8393770344676916
21.59043014795973	27.6852860369295	9.376876530933236
16.49488096133515	73.65794090342256	4.479839996095883
11.63802844797947	5.061323483349955	5.498645818650358
16.271024187127065	38.62866814232064	6.157694975105721
23.180294102729555	40.91966454313977	9.455710647753131
18.59284915049593	33.32861807632309	7.612442188000832
11.221781753255266	60.908961769875646	2.525849547399991
27.145321710849288	73.43497085395609	9.876773558439401
24.684434286953763	49.51550515621228	9.808283646936825
8.17015391745026	78.41466425383153	0.11344498393152991
5.817890940278297	29.232461754379223	1.383869808343341
17.82531338254439	37.37849839729612	6.9634740088579665
12.979269583037603	20.341021390616365	5.407739937064147
16.671560005519236	61.38878136000169	5.187971608056369
13.443303019427008	47.58951675698939	4.3225105398934165
18.797989214178493	32.55716867636136	7.698927816257357
10.965109594130046	13.949404804631026	4.7547701398470235
16.756623716176524	68.261092298205	4.943377421784206
3.9737973318595907	31.224846801581883	0.3851843837858193
9.48663479015481	29.956722250458366	3.158460908848313
14.201901477418348	53.54234895526074	4.336019550493778
14.407733225094681	65.84625159994508	3.9080180724295435
22.385789729877093	55.36075135189128	8.4096864264935
25.009210825419864	93.83749382465987	7.811838476177334
12.440945148744833	8.12325148411903	5.732602704808619
20.04338371709346	79.04469366233815	5.993806975557476
19.857960429932287	62.460014144144395	6.79321895737158
17.080566764117528	91.44659699647043	3.9324504695075433
5.500966885625872	16.17072073600827	1.9057684177848289
21.044625705969914	81.74931969034779	6.387863382149666
18.91049952410757	39.807558730125635	7.450340511140291
14.434355591272508	60.22814105139347	4.159385400747815
13.745421664615591	76.97896857966161	2.9638521406526266
7.81734072476221	43.73469046524588	1.6457933224837795
9.855658195974762	59.32271084640446	1.885902775733156
21.09275114813406	10.32907219616389	9.97770006077981
8.655649694078017	4.16616315108147	4.034968714199261
7.020859135872544	67.1296950816547	0.12066078263120228
16.743366601655683	71.61575568326617	4.781529424727551
15.17412642614661	73.40630007273714	3.8588343931717297
8.570035808567688	19.03519842785222	3.3040695085620397
16.391677719406776	15.317920716310585	7.39366231814882
16.912993280928443	4.751870751527488	8.136879250179273
25.628382653801943	85.4298841256772	8.522059020376314
16.24410759361806	17.496841938017702	7.188370761098087
10.309645607218298	90.32783488378718	0.6203142631259162
22.003100706164854	30.418771327296923	9.45507119177783
14.275002104801121	98.71825960296039	2.1851198215789838
26.555307539040594	64.84423468799709	9.98110556732083
9.94116405240308	34.36485043199751	3.218628855169907
24.32946430663442	65.81686123708505	8.80884052332478
13.138866395698535	89.7364199782409	1.9990086090873893
19.42081520523296	83.63309348618967	5.4524541086122476
22.285114217142326	22.304044481405217	9.973492321727774
12.330554228970634	94.02509143904678	1.3747316789187236
9.442210023247844	9.456649100843606	4.173916580849301
3.442720389526559	9.317043828978145	1.19013643067312
16.439433481381357	59.122283330501226	5.1653479127920665
8.487496120320689	63.67757103921099	0.9772192655583245
14.419662081580602	46.99811824652562	4.806167198337552
1.8829293752823641	16.229961624002666	0.037440227198085596
3.375709980331625	24.329058041727137	0.4199451354350414
11.500245978803427	29.31201305740191	4.191646942460892
21.84099128465165	92.65081215616011	6.27365379939591
13.50476029059624	14.32553863988586	5.967146654739947
29.310947845529427	95.77664422776961	9.865915331569157
13.343797227468233	34.111000088565206	4.958154126308397
5.663713549542099	13.945043511323085	2.042473408193203
17.16876411920878	58.337116037182255	5.601696357575044
13.629527315047875	6.572758301061487	6.468104491827679
4.579467195064864	41.43234545263993	0.13264095187576985
10.11849658589884	46.36356085879074	2.673434187743303
18.687017860428572	43.98618366862831	7.075235062981208
9.581240851707445	20.074918609992476	3.739523195829302
8.621961164961121	33.99369355656604	2.527720911266832
11.374504760001617	10.08112478852594	5.1103844867365344
9.763932308611382	21.428312330017153	3.7321282819816757
15.68013585495115	62.88217768058949	4.681378567617984
11.019169800484182	53.92946660089956	2.731314544544362
23.925928689676468	99.84415087574159	6.959016876990161
22.281348243756735	46.196521262544934	8.815502007973473
26.12046587633142	79.84598783146764	9.053945650682344
10.921080322414118	78.25623960960156	1.4741506433750151
17.87565354436408	79.02210396000491	4.919792279895066
7.879772676034842	63.44090363084934	0.6848581835176848
21.580481004393132	33.13947630790939	9.061673456249016
14.066728656619361	43.84333574785785	4.783881326941831
22.0618974881534	81.24402050494768	6.9574303598927525
11.792240405010395	95.38776168021565	1.0606316351762868
12.022716874359496	0.12595907924359828	5.993782405864527
4.2681325333357805	9.28041489481507	1.6151290487839587
17.390756512974498	54.34226778469019	5.942756079497061
8.09845520823699	28.144015532124445	2.6040401801591617
13.385813024855889	39.25745108309182	4.644855595451665
5.817875843825636	0.09488106836150756	2.8209024454130516
21.825206242042253	68.16476044030853	7.474221469535026
15.771319819237695	52.363071353629124	5.191606775388919
21.267757270175736	80.81114940357989	6.576518770880471
20.426893982679324	82.28490811613568	6.03312773502525
14.25081994720331	49.0532165931051	4.5739362103362815
17.77709609340302	58.007382395510376	5.903258664277358
9.85172787854067	16.03650705209001	4.085910846880152
9.749838549456735	11.275425470203349	4.304372797018407
27.250796456143533	77.69037331218243	9.66537130227561
19.389050331561673	47.87432767634232	7.283224770447704
21.216554728806635	56.86553360650757	7.752462383476679
5.950749926726884	50.78046215627584	0.3487859501040125
10.107769808173424	36.61351075331901	3.1323270631245093
5.698078503093829	24.539221636890552	1.5852046484844518
7.713532272687648	73.39643783931467	0.131078655918071
19.096053216331693	73.40369017653344	5.816703238124287
13.565574786906302	14.62768394446593	5.998458954480387
2.9210303044029073	13.336337686183274	0.7115493574104303
19.4020280092208	38.076747256534205	7.776804705015654
12.769084398100658	9.752605894171907	5.800263809000118
21.22034652851826	80.40347670015211	6.551546308341768
12.147439567659836	78.21842321782374	2.154809873227089
14.547998156809246	69.29438970703649	3.7188955880095875
15.182544028182164	33.477325534795085	5.87463705470994
17.507570644086826	52.15309868760192	6.053688416273156
11.60800257242217	55.69665992209014	2.948945194353466
17.547953283791582	8.861787785833886	8.29756076728064
17.786922619704182	37.05620132439845	7.026623142635825
14.523130077130604	94.55527953945527	2.4627403253838542
8.943865740713038	28.06256405917711	3.0687293127716697
11.068170948500809	72.97558045638218	1.7883462647635162
2.881180657755186	13.178905300988275	0.6942080630018921
27.22485715260897	79.61576903799565	9.587017234209297
20.781385715576114	49.15880769541911	7.922984276809412
13.843019420778749	40.17394158627542	4.879292397288561
18.496609218202558	4.734836912491969	8.935594604476155
12.16735797183536	19.763628451952364	5.030351402263937
29.74419667184303	97.57813943245804	9.96228732545526
10.18613369503731	97.94939925060395	0.1319428409189538
2.455380859379431	23.047855725788647	0.05486480706361041
20.9568193572617	36.12729779800322	8.63182612716472
23.21203109868768	44.41511714118936	9.347940394199286
22.197822687250078	67.35965871987248	7.681200235156408
18.746145847438825	91.49979427817017	4.742935537541843
18.230006439007074	47.470695633030715	6.645853452013766
19.481760333489923	13.138122915667438	9.009937405164475
20.09545132783271	34.499420910070064	8.269992085130646
6.513498969008529	55.64241522300596	0.42046480280277687
23.3434324348518	48.15291169495075	9.233993000256845
13.467568074863081	8.443487123334759	6.2236007806256834
16.195471054625752	58.94129700681847	5.145440238657609
17.966780650523248	27.829549460521243	7.559054769058609
18.330451145215452	59.14827926039556	6.12639350415798
18.40880057424583	93.85398273095612	4.456302673332218
1.9652494282060111	4.173590392963133	0.7051911623999552
17.83560397998088	78.71242121843572	4.902756710429732
16.844064093490896	46.948472087987824	6.0554815866403064
23.020482250775032	93.0662840049348	6.836821188695353
19.061483366641703	78.14420552150578	5.556444788638759
23.259162067067347	68.43357089697048	8.168743655370585
25.92437641164575	69.67717292685089	9.471656836252148
21.63518688011555	65.38335944922515	7.459095866869506
12.476518667687857	12.782064153605466	5.583791457840446
18.32105200048671	7.945339473444535	8.759634728806962
8.884816830636424	1.9834696580343203	4.320073010850414
16.64308009586087	33.28803741524599	6.616408520322201
15.027242966548695	30.820838571180232	5.955345830907471
3.9885958666436148	17.88107083294902	1.0262501348041486
6.6039472723686785	52.90854132625837	0.5762180378761739
17.89228494900707	44.38923838868581	6.686936555684738
16.169965683617406	23.2238276065429	6.887036231216266
11.314012455685063	26.144234208270124	4.2539446279970585
13.977257536784627	29.13258923244505	5.4482233304484655
20.91418701767097	70.44116521667917	6.925548852655704
19.68487753780144	79.13009927201271	5.865825879042868
23.49379311698181	65.64321107226874	8.38355906577491
12.338181780585089	17.577364636944083	5.197788690371477
13.83227885527482	90.67004299745545	2.2930914480127216
22.3037044610372	99.4434633173051	6.155771711522081
10.375342938590927	63.15392862666288	1.9643934896070314
16.920946732561834	64.37691550930265	5.231997504227568
10.41077836391085	32.67471913531117	3.550941144357469
14.692605689506884	13.06696721243038	6.6714838310786835
17.679583595820226	55.537199761628074	6.010130730073669
20.593531246439454	39.15910413952572	8.31303948712289
19.931987571503274	29.59342986421294	8.46065992271258
23.52322474086186	68.33792672087175	8.285654178984213
10.009683916792605	2.872236089565583	4.775453723883334
19.330098846484574	6.379230589458329	9.329704247015782
23.97410270983739	75.81429342925475	8.180064254137454
17.460146745893212	47.33675212916947	6.297274413444672
17.97098945111739	84.89078881309379	4.706582563861563
11.352345216213918	92.99899368969312	0.9950618163628255
11.084102493459223	69.20963319062	2.0425589573794802
18.344812484223148	78.7506189378828	5.19688674368044
13.177195442324793	60.68857741685544	3.5532681335166902
14.232109675453009	10.470468349065987	6.574185505487495
23.459768931883968	71.09853367263717	8.075397730458336
12.187130763627533	27.27577923159823	4.669272001268339
18.61151835088459	23.052906565848808	8.072038591922471
23.395150603513486	88.47638219869049	7.225435534259288
19.80957628787936	86.54222038007967	5.504765096446426
10.829098768437058	85.64398103594434	1.0988469255881095
4.328614481707218	20.255319010146266	1.1268228557980453
6.22193405922401	53.431470688636026	0.39932092114771445
16.709761880769946	41.98438289026553	6.190971258015857
18.75822873980159	62.03867849734947	6.2252466549742405
2.26024997823018	17.501672828448623	0.17396354372713918
9.36946813103445	63.89221181033342	1.4298237336495778
21.359265164627484	20.570274326116945	9.559860748374378
18.132923574737102	22.244709124143014	7.866258976791154
9.723697669217612	15.78702148082548	4.0356497024775635
7.306817140381389	35.006025018160734	1.8940315312660205
6.391090870207738	47.37292779858904	0.79453902725514
20.138620440740855	73.27537726493831	6.340893541782341
20.14230953347572	88.67383538867921	5.57214707541959
11.262881433598738	8.389862934768932	5.140787707016383
17.25945872013042	73.17615678877199	4.909159088426521
13.7861527226958	24.65428553908866	5.579067469830445
8.429002301190689	64.14766334979913	0.9638061108556251
20.131409962930388	17.896018116586966	9.12890829458867
15.958820848430662	81.95398060194272	3.809723895473142
14.799708789850865	55.54048868020215	4.583411157868999
13.74681517857637	69.65888688316882	3.3276829414689413
5.541659372538877	42.16326599111765	0.6086919008188829
19.849743412585166	82.70378247117392	5.702075799767055
13.500658731613017	91.50141836667147	2.121382012831492
10.805042966325768	82.97902064989525	1.1997859362159868
19.490075242273463	69.72605908874226	6.173976082987327
14.08599485394228	96.75824192796308	2.1621823562626674
26.31509135374391	82.22509764838264	9.03751869218
16.832513123648788	53.259988898060996	5.741653482084375
26.536357755923053	82.24584212289646	9.126610367156596
3.424334355774713	15.632961495699593	0.910904992169902
9.839687944881167	57.336914849754585	1.9750928336219276
12.229605126790302	27.98609371048102	4.714969085176213
19.696378284903002	90.1689111500256	5.240340406149527
10.32477387034998	80.41803312378319	1.105957283769513
14.94053702485992	25.27352265693216	6.140784391812573
7.201517519470153	40.73118340202262	1.4660531503793695
11.195694669227107	31.777419979628483	3.9129059483475324
10.692759034400629	83.07485950789162	1.1223044013284167
17.843531204832143	40.98003485691856	6.811402367732223
19.720214140435548	48.30190606639202	7.345239641962121
25.635147995341505	70.83420307021979	9.188266450613158
5.630263549808718	1.5127316075875363	2.648443786463787
16.623014340301616	87.63983356338466	3.867860100676398
17.396734931753894	94.73065199252419	3.9458446381070478
13.214895101021872	97.97785855709135	1.6309152501868407
19.136961144651895	68.13996459016339	6.075904480455683
7.652487556254511	40.26142058103993	1.7983211256111564
6.967196843474895	40.09444163070198	1.4729141591590467
16.9426689111883	10.393527671592595	7.949841233918304
15.356202714170497	86.81829706918076	3.3097914306342924
20.361585802360793	65.13189912920929	6.849202287904261
26.855958802011266	95.98129857796557	8.587950139334895
18.384701266281628	59.53573221638523	6.192524112367346
18.71910598689283	29.614831680230104	7.872468504420468
18.983645428649353	28.450573680628853	7.97108427543714
21.8195400548516	70.6749303158748	7.286445020830233
12.382169709094477	21.281399088150376	5.039630971256441
22.46081005776651	93.64248595593409	6.487302492481868
8.725188229131776	46.325076759220366	1.954635196515877
7.0116843843288486	54.32063633960268	0.7054206640331984
11.648716470620332	53.99984810278424	3.0634710945133756
15.159177516822172	71.79910141824742	3.9837601527797073
3.419285312643471	31.56216113667987	0.09794145347459593
17.79601752803776	71.95063340759631	5.226953498012836
14.789141261301072	94.31030610348817	2.6762611035114423
20.30245224759183	25.81198026373064	8.772089228918748
26.03971755994255	82.11988138411093	8.884417851584306
15.26336194167085	66.52857820477647	4.216695568977952
11.892332464162825	31.782524307626282	4.344676728238591
17.57072900340229	69.13267313920201	5.294898127242705
26.267566279932943	65.95262616259151	9.76177447146003
14.023335398997139	90.1238265081733	2.4506996001389747
15.902664429685961	91.78478689234902	3.263261879652134
4.20205777705484	41.031299970470634	0.034966323354268525
8.232273892995087	28.264402277386946	2.6657099740889167
15.088995511078206	46.1806298544365	5.231805748262821
17.61409434094689	47.89961654731747	6.408206071760708
18.898178130000826	51.275176863156766	6.810586508588166
13.537743574565418	75.17416108480171	2.9538978701647913
12.002934799423123	3.1797832516292535	5.786566802278841
3.190598922188799	22.6348740964897	0.3799964183433391
28.394813812307138	93.91803991144356	9.48464679881674
17.976259952837573	71.81880136213147	5.376428985413727
24.723780895520587	66.44265476499713	9.016984294304937
10.668005191036736	67.22082083760654	1.9274485480461467
8.871030446745923	65.8327777292422	1.1282720205403152
22.341953970146836	38.65129531584384	9.170382104609816
0.617765608987582	3.267625015127007	0.08795815525705519
12.92216807523485	54.96788350946778	3.6490943650383345
22.125864895393157	39.335572409950906	9.021188616104057
17.349014326859823	64.17853374957558	5.445021050494009
2.3692913055320317	16.875958120721446	0.27814279748736626
14.274786572485624	87.29051158568669	2.7348982358335636
15.30766643446	14.890515644297608	6.860675015371093
13.266188619167963	65.10427098001406	3.295034086439724
25.179918692711357	68.35229360920457	9.163383213937879
17.733439133587545	76.01453802242914	5.054522041217621
15.9189974839573	16.22965603830142	7.081136854314348
9.600036004943256	16.781775781475783	3.9032794435061646
8.853301586980939	33.23511568831835	2.72185761706476
9.752549860065916	6.066200022888757	4.534767318829549
20.864474750015287	96.2387921718821	5.613367750186922
6.2825830256803155	58.12327502992001	0.1740625001522489
13.334761669167849	11.01179243027155	6.028995325933588
16.275136261876153	71.44434356781491	4.484106887790401
7.565247353872205	13.115589807863227	3.079344103925533
18.84308549125101	41.242168265984745	7.262008860350536
15.823350047365828	91.48976022332937	3.320253689203485
10.357972671597254	8.80532356250514	4.641385475935595
25.21008426291604	86.95684510807476	8.251096779924467
17.033606553806994	32.45841962771997	6.800254659322337
27.96267930483342	79.10293755283317	9.990938835610173
20.776517737106044	46.033402051386176	8.005786393560362
16.986209918217895	86.87164904234558	4.0850127553400295
26.042058813209515	92.50023037884962	8.389717124311236
15.36360625483824	44.66508553441879	5.3958788100585755
11.70799995264104	6.762721839429431	5.428276954282593
25.73172684216486	82.01145268598238	8.73852260572474
20.251100325056292	62.846183086773465	6.894623690800343
20.587819738138176	95.46955039356563	5.474431990446497
19.742991113246514	92.91223267552996	5.1720769050761115
9.697759381493679	89.83889396720534	0.3114277894897688
18.245264510712026	59.876206402853406	6.1084875407237424
16.135764104938605	65.38700212454606	4.725107178167718
17.471485436198222	91.92588015640467	4.079604312193227
15.86143438259998	92.38638308846954	3.30167188376576
8.695798892126533	10.77652886569208	3.724470709581018
13.879489538679506	20.444169276220915	5.884561458647324
12.339768164105053	36.73955281209827	4.319344958468263
13.816995866870053	92.33425382029937	2.2370024695325155
24.893663457099464	51.61278890598934	9.771725472659543
14.606456220337591	66.09208745391176	3.9911698994357114
16.871382185845448	45.16845827771343	6.142886946563747
0.8257403504369891	1.3858579794168158	0.2614526953191887
18.268367766178283	37.14306847710729	7.1777080912446785
16.383313329944034	91.04413199063043	3.5955802921567903
16.87558347482892	70.10602296356922	4.910355525786616
19.21242744466513	84.53555036610244	5.352828814044502
2.35144271476957	8.077202075495215	0.7174841002362742
13.144638354041348	76.7380802036804	2.6603628433682855
9.82532520863999	15.315883896010373	4.085181694488607
13.602407602364266	36.062226146231055	4.920587789158628
13.269030586262815	11.835701547354983	6.032764899002601
8.297595673927756	39.792032842984995	2.129210628055016
5.804194813386806	55.204470902850545	0.10669420799801377
22.084643090034376	67.66227618565924	7.582221686290419
8.682630719314798	58.17217100833603	1.375306122430452
17.76571618025447	65.29858598236032	5.530717133918519
27.47939571540212	84.36539718867697	9.520127474585552
25.143163846917943	95.35320327753692	7.723739180940266
5.444826854895273	46.838934033284616	0.36873826362540774
15.582533061146288	90.53721911736775	3.213942010227088
11.835398180386344	32.46631813100886	4.21024228739073
20.37141571156464	91.56334316177089	5.579360451487107
7.905481870862282	17.555511455310146	3.0613279821683337
13.313085459048406	91.0170096706879	2.071859673782738
12.535670222777739	24.89477227486977	4.967593261273356
15.285663662728048	16.613285766773767	6.733465043840181
24.06051967262084	41.10599635811034	9.881265662931902
23.730642060480907	91.01113013997838	7.226611866771247
14.476213185665753	7.9167628268729135	6.811025676747332
19.244595836409395	3.7649691654197293	9.36425985992371
10.443777204647729	52.520243439097094	2.5202933034144595
24.60044334501568	54.92957413593756	9.537408639647275
9.53071316707016	88.2017475526278	0.338351596858828
18.230412530251822	23.344652378799445	7.8487320979417055
2.876392749504584	14.456422630538846	0.6355768803676998
15.275572277873815	4.749561437034611	7.361101044841167
9.345901715588713	26.064929746836906	3.290286746651544
25.917505029185165	70.53451230441601	9.353709449498487
10.126198837220715	3.1249291623559716	4.888128150619956
4.4746542848486195	30.5920839838265	0.7007055207840385
4.954106371285501	40.126745776480774	0.43376902887608204
15.60921649662941	94.27972570579136	3.0845267239710585
5.897121419043656	27.70686998593359	1.5411866513782113
25.61554651683916	94.06587662318528	8.089129503162452
8.69544142286567	62.004996464404215	1.1979809880251036
13.47994132703163	21.835356144577588	5.601651402472125
26.115541931568195	67.89566639684125	9.623246986875959
22.029676833190422	84.77528869656754	6.749115571586678
14.944347956632605	54.11192998770993	4.763556252091314
12.264296766217617	67.0239288057961	2.7506378192669443
16.981353137069732	5.5988699825590516	8.172695967871274
2.9282177885334657	10.723472691888636	0.9217506907430473
7.8951172964168475	16.86104307671784	3.0949630025922383
18.89860890473879	16.200544964212447	8.627387001771575
26.425644437292487	71.55319986905556	9.619155985178002
15.694249320915992	67.0141145196208	4.40367576540151
12.054536865937544	9.430682209232366	5.470241106434281
20.96064270309438	45.280454335655186	8.141853926158705
16.424609855795186	0.2375658154989746	8.194962365237103
7.4726956793006645	19.161784653291324	2.7721263220588965
14.83127043401231	65.6753083469191	4.037431742246605
10.613892158656743	23.27427717778019	4.063262696231739
15.407528056360503	14.497329085440192	6.900035470583221
16.509180993859086	68.58334903344522	4.75591300913163
25.893084972189733	73.85572095124868	9.21698882021581
22.21318640595141	48.569822743604384	8.62039200514815
23.662902675432875	86.96813545792342	7.454525507524168
23.65218111103393	74.2714393996176	8.056747150824812
15.448062006877976	24.52538299007243	6.475394826818381
25.505484199263922	65.62506346303127	9.39948231590478
16.25171401774007	83.8595472782822	3.872032717363527
13.190483036818991	77.2218171141898	2.6459448165934694
19.818906463374162	40.431675236040945	7.81753039681222
10.913436716717534	16.640097001657807	4.567227899859198
17.934185397156895	13.931658562300008	8.236220055866553
9.419515535123635	90.9923635038088	0.1303760670004428
9.905873407653278	80.70575215608832	0.9014727355649066
21.892550999169398	76.51181515117183	7.032246950054936
17.15373111894104	32.05081171478669	6.917542175368288
27.415240818761866	82.42593033875919	9.56783753177598
4.152436523567706	22.95044114427759	0.8923323695076735
15.302104503957066	79.90497774486842	3.617293628022101
16.278973517244296	8.457926945835336	7.665989426349925
18.188368427605837	82.6729831074184	4.901459161563596
6.122291262313326	40.384516284125674	1.0387948087696897
21.9292053525486	36.050794606113456	9.105717543596146
6.293086752350864	57.97601504038414	0.15112714841672426
0.2798280753104777	1.233228043966128	0.040227178794212115
20.153436181383316	58.95636068801146	7.093081339060174
11.327361869738139	77.03010583060174	1.7493666470883928
22.36817492297796	60.12782351701009	8.17743829450128
11.007214861794658	64.20881457364064	2.2880246770283064
12.82681399632209	69.71511323343775	2.871049874918814
9.60294868157554	94.76377014085207	0.007666870981718477
10.116074256399871	16.790637832219414	4.205840331683469
14.862871088299896	11.45256670077729	6.768917768214999
20.197263956994206	52.590375714490435	7.430940707850679
8.634395619082815	14.480527961371415	3.579277935870061
23.243897609365682	61.116890969468976	8.476283247142778
11.112057642503487	79.83632739907488	1.4793264731910472
8.050780935180574	13.701350446115635	3.2753255428979355
17.70827432071986	40.54976865030719	6.731411020112564
12.754545648999914	3.437614831020863	6.202257408243211
20.272640977123906	91.34447451732302	5.537909380226696
17.150396229463094	2.298716036873638	8.379740656752352
24.511233557895004	54.53927240642975	9.525031607995743
17.346075968202157	98.21832514329239	3.6923298807034355
6.2896194757863775	30.14384159769927	1.6063624087903539
20.100670521758897	66.06233820810937	6.712889893479464
13.545299273767098	15.263644638524331	5.969524586342265
12.833421485932174	64.07199406389364	3.210907792078924
14.27828402999194	62.84930869804883	3.9157172553529396
16.44818503850666	88.67881581885484	3.711984822750265
12.385016292244279	82.99148359068838	2.0108750871143077
8.924740006247506	20.935309403836545	3.3921039189022006
12.39838803264263	90.88032766160866	1.6473235946399967
13.067331989995221	70.63366975529023	2.9047248100284264
11.684746756867854	14.927614213807017	5.040952245739824
20.61137539726231	70.59901030017244	6.7405685460023
5.141674899756071	4.593248553647	2.2800695106030098
12.112941430795933	9.667235988166745	5.562089969461547
16.439920753931766	72.32853374436426	4.551201673445626
17.168628865398833	2.918299001429525	8.387022865271941
14.766353928371046	24.61143487469213	6.131565421915678
12.030306263485029	65.62988667130493	2.645511751388454
13.14864672644447	26.75878820966393	5.232230622158724
24.950919084105557	54.56415960918617	9.74569091220109
23.91268174712693	74.87590538892832	8.16550916846685
17.425985677685055	26.869872115010818	7.341981390449265
21.003518892205282	39.78763761857622	8.494523606400293
9.893307474181812	60.151287228129746	1.8784395054323455
9.375507050715127	67.06301731542804	1.333986527337313
12.919470463933232	64.15390029581371	3.2224633319680143
27.614828973903016	91.87650794612806	9.157565251032885
18.97278566434962	88.14155701808117	5.0403457789823625
5.505947958239507	49.93600439111763	0.16687741061503392
22.674127872152088	78.15596050056706	7.4189512365234025
14.715705699372894	93.33770026771938	2.6197550838455177
14.807434469780555	47.79493104154358	4.96701302520806
10.760260126667193	79.91003861588474	1.3518562551052382
11.835628951900787	72.47311108484244	2.2197836464926777
14.957110610688712	28.54992731842526	5.960811277403625
13.9978171431999	95.22918677056138	2.1503479713367337
2.033988282632839	10.014078859818254	0.48655831285958073
4.245125557090382	33.375527467283284	0.4277381338816555
13.805221826188978	38.48871152162595	4.888447728803355
13.244055138598243	68.73468453740348	3.0943651579142086
14.588978626023453	84.08553456450424	3.0599132142146424
19.560082495618296	0.12906841399030755	9.746332651746153
27.393718461576558	90.7902594803757	9.068180085871004
16.638388904508886	86.97787270180898	3.9247078931261625
19.642440768889518	57.981052191989555	6.877860715246227
14.867650189804488	39.43185737520953	5.399850904967401
14.927926232550867	20.962036134638073	6.354368784887487
23.565735156234954	42.946618626276404	9.591912790163304
25.42873746501691	85.66428541554741	8.400783786301597
7.04241979191388	37.94308178000762	1.6141682630113507
10.668070564397722	21.62689363811795	4.170809452873535
14.691616381154086	35.59131987238331	5.555003885657644
19.408552202047623	69.06021292917727	6.225164033857888
9.881055245984673	76.41485303012378	1.0564352277644151
14.167199606911424	3.112930165104444	6.913728914727574
19.442438682244056	69.92695611849126	6.12557790409599
13.43840979384383	66.5194460715884	3.366405687035442
11.609555700429182	29.69716837277465	4.28485501152713
16.498949081108943	37.5555642178248	6.3281520898550445
8.959366354725855	44.052780261865564	2.2412085109605187
13.699521545238214	59.35231472009581	3.8279832722223484
22.62804205212384	26.581961881182558	9.910577110942068
21.717226732196625	56.35676284700807	8.029940825382289
23.850184814146054	97.86692792755784	6.971809910796885
21.27424901765563	15.31232878666977	9.793238807474482
14.214848891403971	62.80672368182066	3.889016703663949
26.939516217750924	99.60823832084445	8.391508845038134
10.28553434595063	15.48756519322978	4.322094258085763
28.123756756547138	87.27802822357489	9.610556632001408
7.140229548872515	35.11306557069097	1.7147457354966256
9.556113046495394	74.28571526742512	0.9826810276557907
20.074722792574722	96.96696270788271	5.150182654150593
16.096288050934582	41.07119760945495	5.948783336074027
16.88379695237359	60.06680890252757	5.401348090980852
20.801357710606517	76.72976146029539	6.519958714214589
12.910273539588156	99.29918127256991	1.4523305525721009
15.494680332231157	26.209106094107316	6.360978375832379
15.13014442799691	7.646486569460942	7.13569041784795
3.600603754744255	32.68375571522758	0.14141295206862248
14.535172396287559	18.283985036607486	6.320263316688687
7.894583432977271	74.74259581528496	0.1610394279773819
13.148372514610088	44.201661778131076	4.3045894864563286
10.611673764622022	36.61129577258566	3.4589725352701706
3.1788664379103926	19.021254102116693	0.5549671893510422
19.722275736382553	66.80773203904519	6.422033773306538
3.8218828150626654	6.15326854915218	1.510898494633538
10.032219049843661	61.55756352770615	1.8762475714573335
20.447084561072636	12.87498057203269	9.575331231699668
23.62504291928569	69.29441123428607	8.340879554911794
17.2827536355021	2.1219499063150904	8.479588282398941
27.264620048437763	89.9993258556819	9.117571112708516
7.318692598731397	55.352290521120814	0.8407103230090729
8.446831391228677	9.67626875609302	3.6813162666021193
15.023381769752081	72.02546992669735	3.818258295968413
24.84429345951525	97.02951516123453	7.557224273613077
27.219098517348918	93.21967357666196	8.863366184521466
17.108617815719413	56.974640463657856	5.6826791477391385
5.617826930789992	46.01189517846264	0.4342778061545616
27.048134397330305	72.56112515434428	9.879242014355649
16.348963243558586	10.794368667107989	7.632846067012478
